{
  "creds": {
    "noiseKey": {
      "private": {
        "type": "Buffer",
        "data": "eFXdHOes2UBBEpcHi1AAV2/K9MqZcCx46ZyPKyoMFUE="
      },
      "public": {
        "type": "Buffer",
        "data": "vQ/TN2kuNdi4hh5sfCQ/26x/zibXK2Rtsxrrq3xMllY="
      }
    },
    "signedIdentityKey": {
      "private": {
        "type": "Buffer",
        "data": "yMWEnd8pZRCOB6jFp1y/2MJkZztYLDjC3lOuUC6vfWU="
      },
      "public": {
        "type": "Buffer",
        "data": "rSdkfIp3HrDDUR4TU1bocPcPr2s0H3Cvn000cyGOVhs="
      }
    },
    "signedPreKey": {
      "keyPair": {
        "private": {
          "type": "Buffer",
          "data": "yBoUce65jT7LUwx3tsaIryuFxmnI7X49UX38iOH0Gms="
        },
        "public": {
          "type": "Buffer",
          "data": "jH/e9t/Bj14/p4Hkak3Ib0W0pbSi3fM2sQSBgLZEKwI="
        }
      },
      "signature": {
        "type": "Buffer",
        "data": "icsEFpMTaDS3ica9+nYiZPxuNSyrOkPvK53JlAWnvbRMNzSMloV3Vi/+OnXuZpeUTmTAMrQq+I4fVN4vHNRBDw=="
      },
      "keyId": 1
    },
    "registrationId": 155,
    "advSecretKey": "pojziFApeWaPSTT4DP42xBSe1fE4rjxGDHeAHens6zA=",
    "nextPreKeyId": 31,
    "firstUnuploadedPreKeyId": 31,
    "serverHasPreKeys": true,
    "account": {
      "details": "CLyV6KMBEN+vs5kGGAE=",
      "accountSignatureKey": "BCCcZQO/cHjR95qg9S0ZLzlAJKiltBkr7GBNc2ODfC4=",
      "accountSignature": "PkDx40KYCRayseq7H6YxdXNfWNH4CzKCgPt5zAcQ4pcwJGyrpIDoYuv7+7RPbHTCYjY6bweZ1npYKF0V1iQICQ==",
      "deviceSignature": "k8Ui1jF+psJyR/4IEigwBken70myKmplig/DzScmx4X/ktv5EMuQAvllGs5b3zsw4sYcG+Is1a0vD/ub6nDkAA=="
    },
    "me": {
      "id": "48729757978:1@s.whatsapp.net",
      "verifiedName": "",
      "name": "Nefftzy"
    },
    "signalIdentities": [
      {
        "identifier": {
          "name": "48729757978:1@s.whatsapp.net",
          "deviceId": 0
        },
        "identifierKey": {
          "type": "Buffer",
          "data": "BQQgnGUDv3B40feaoPUtGS85QCSopbQZK+xgTXNjg3wu"
        }
      }
    ],
    "lastAccountSyncTimestamp": 1663883308,
    "myAppStateKeyId": "AAAAAP6P"
  },
  "keys": {
    "preKeys": {
      "1": null,
      "2": {
        "private": {
          "type": "Buffer",
          "data": "EKRfoCDgOjYlnXdFG3aOusJehatH2zTM3FDGMO3WUHU="
        },
        "public": {
          "type": "Buffer",
          "data": "u7T8u1+ho/c2kJOdvVe5s4cjV1Zm0BnCYKfjqgpNsGI="
        }
      },
      "3": {
        "private": {
          "type": "Buffer",
          "data": "sJPvD9WoDcyhP3HwRotCLnWSz7ParuQmhEblCuSvJn8="
        },
        "public": {
          "type": "Buffer",
          "data": "ww7hf7vs4LEQZ2eS76ns/RtACORUT5DMKf6bR3ycpSs="
        }
      },
      "4": {
        "private": {
          "type": "Buffer",
          "data": "+LvGJtRZMIaWMyW1hQwaRqB4cJifGNmKbK/lGmEzqWo="
        },
        "public": {
          "type": "Buffer",
          "data": "IJNDlbV2DFFbtx/7GirXrN3IWgrNOsnuqD17FZbpTT8="
        }
      },
      "5": {
        "private": {
          "type": "Buffer",
          "data": "UEif7nznUydavcH5fg6o0/gTrOfNcdqjJHku5AZO8HQ="
        },
        "public": {
          "type": "Buffer",
          "data": "0aPcmOZY00ZjYUuJ0zpRczgBjtnF/Ty+VT2S7U3s5Q8="
        }
      },
      "6": {
        "private": {
          "type": "Buffer",
          "data": "iOFW7h1Hc50XhFJeLtMkObWk4ByxlUkFXn4RJRLmUXw="
        },
        "public": {
          "type": "Buffer",
          "data": "UQltXDqWgHInKDAujt7LG2LO4Xl7dmLdMqlh+PDzvD0="
        }
      },
      "7": {
        "private": {
          "type": "Buffer",
          "data": "GPByShTHQOS1ajKPLWgiTTizMC3AIdys6RJKNuYRKXM="
        },
        "public": {
          "type": "Buffer",
          "data": "Tn9UJhbM0qHc3KTiR8svi7ErquLaLSCyzEdJepiJd08="
        }
      },
      "8": {
        "private": {
          "type": "Buffer",
          "data": "cBzZ+lSQKHvU9KzilLsUAc9LS95MvJtF5xQRUtsNp20="
        },
        "public": {
          "type": "Buffer",
          "data": "blVbwbtNdMj522Se6np7Rp9qy3hx5n0tZ3qLcwrsTQY="
        }
      },
      "9": {
        "private": {
          "type": "Buffer",
          "data": "eP1ryGBLyNKvRdLjasCs6Q9YgnE3/lK3Q1y/mHauyGw="
        },
        "public": {
          "type": "Buffer",
          "data": "Qt+oTwHeTXBERKngvrpS1/FiyoXNlTZyDmP2bU8V1FU="
        }
      },
      "10": {
        "private": {
          "type": "Buffer",
          "data": "qKSN0chxNi2N1nZPwiyjt8XR1WZHBt7SbNnF51Kj5kk="
        },
        "public": {
          "type": "Buffer",
          "data": "tMo0emWwHh+v+fuRDNCutJQkejOuapehYZEfuzxPxEM="
        }
      },
      "11": {
        "private": {
          "type": "Buffer",
          "data": "kGCJQRm3e72CKaj1JYasbiulb6PQlHBgByXYWRdYrV8="
        },
        "public": {
          "type": "Buffer",
          "data": "sP5JoSQbHENK7RRCWPBNX0UzMpm6waor6PlQdtz4hWw="
        }
      },
      "12": {
        "private": {
          "type": "Buffer",
          "data": "mI4JcvUzoj/doC8npn3ko4zljlxu3M0OfYp7zMGdoWk="
        },
        "public": {
          "type": "Buffer",
          "data": "ijn73fAzC9L0lLx5rCDiS96T6hbWuzNo/QNy6Ie6JFI="
        }
      },
      "13": {
        "private": {
          "type": "Buffer",
          "data": "6AEsQ3rK1NV9oQMuO/ePNWroR+MMiCXK94zs20LHpXI="
        },
        "public": {
          "type": "Buffer",
          "data": "toQDGcc4K4ybc6db0m0eGn536x5Tx5Ij4Pc0L+ROg04="
        }
      },
      "14": {
        "private": {
          "type": "Buffer",
          "data": "QA+quED2JzrRLygV/SIWg5ID7awVYAzjZrunsBFHUHM="
        },
        "public": {
          "type": "Buffer",
          "data": "/TsnMpShgAnZTMlRlqswQqqgNIJ9/CwFsNsxJ6ryWwk="
        }
      },
      "15": {
        "private": {
          "type": "Buffer",
          "data": "iBquqH/o2eaEH0ZJn2xiEBNllx5LZcDHojusJIMivFM="
        },
        "public": {
          "type": "Buffer",
          "data": "avAc2dg50Ua7NZHF0rAKjPe2pUTZnwSA6ftcz7vuIno="
        }
      },
      "16": {
        "private": {
          "type": "Buffer",
          "data": "wA9FNZuLRiZKCRo01t+rhfuOs3QD0mbFoct81dvAXVY="
        },
        "public": {
          "type": "Buffer",
          "data": "Fo1EUXSYwc+JTLry/ORYS5jPX48XC1qqOaNWjYhCol4="
        }
      },
      "17": {
        "private": {
          "type": "Buffer",
          "data": "6DNSMfDjxsaMntvJSCrtbJF05qcJAhbK/63yYmI8Gm4="
        },
        "public": {
          "type": "Buffer",
          "data": "47yDX7v5mfBR04+C5IPxZQPQCXYT84DcY5l+0bco/nw="
        }
      },
      "18": {
        "private": {
          "type": "Buffer",
          "data": "CHJ9DNtjFbrwuEOgCIa7D5K/AMEHc0IMrfLZHz8uZ1s="
        },
        "public": {
          "type": "Buffer",
          "data": "Uuaco5s099VaqUkYv7rNaL8iJswyRR1cz8oZz6GSIUg="
        }
      },
      "19": {
        "private": {
          "type": "Buffer",
          "data": "gMKLsHPg8CYPB1bsI/9FKQW3vTO3lHkHfrxPC2VsNX0="
        },
        "public": {
          "type": "Buffer",
          "data": "QxZnfnyIkdWam+x8CaJ89gc7VTtP/gq/d28EXTuZ7kc="
        }
      },
      "20": {
        "private": {
          "type": "Buffer",
          "data": "4Oh2Rw7yk2XmRkpkOwxihV0bfT9U5nA4cOQUkvvspVQ="
        },
        "public": {
          "type": "Buffer",
          "data": "V1xmXkaQc7v8gF051J4TncLVPyq5UehZbhLD0MIzWzg="
        }
      },
      "21": null,
      "22": {
        "private": {
          "type": "Buffer",
          "data": "8OdQNXhVQyDqAbSnOdRQjbNzmyHd80ZMNAlViseC810="
        },
        "public": {
          "type": "Buffer",
          "data": "tWaQvJCVolx2rdnmuM0rJ0KBlPqw7dbsoIeAQmlagBs="
        }
      },
      "23": {
        "private": {
          "type": "Buffer",
          "data": "YEJt6qIRTCtSWpxu/O9Tr2YVEp2cPaJbym4F3K3F5Xo="
        },
        "public": {
          "type": "Buffer",
          "data": "qHZ6mXy2sOHPV/mqveVnWcCyNS4uoBDF/hV4qlFKjFg="
        }
      },
      "24": {
        "private": {
          "type": "Buffer",
          "data": "+KH4m5L+7jsRC5qeNWEYgUHzj+ao1v8shc3Ns5DJEF0="
        },
        "public": {
          "type": "Buffer",
          "data": "i2QlslBO4YZ9cOHLqsU170eD/IUu5B/XqZ9zJ2QiQRE="
        }
      },
      "25": {
        "private": {
          "type": "Buffer",
          "data": "KJgoJ95QWZyK34tcavk+eKIvMk+gsRoLmLAL+1EVdHk="
        },
        "public": {
          "type": "Buffer",
          "data": "6Pz1j8g1iODzUZjDxjEZQ07/mbTyK+xlRdBf0ijvbRs="
        }
      },
      "26": {
        "private": {
          "type": "Buffer",
          "data": "yJEu7QAjiEk3D6ToSNGKPIYY2Lg/fX9aCuPLuJTEPGM="
        },
        "public": {
          "type": "Buffer",
          "data": "HjtVflnHlMc2nJx5Jr1IkmcFjpjJO9Nzr+8Y6HL18xs="
        }
      },
      "27": {
        "private": {
          "type": "Buffer",
          "data": "KEZSg6ExANXxKo2Ull3P+E2QmNiGO7Qo4IAtxpcXL3w="
        },
        "public": {
          "type": "Buffer",
          "data": "R8GU+0Tudn7/evlFd2Yq/AV5ePi7YwJRtADoC2XsF04="
        }
      },
      "28": {
        "private": {
          "type": "Buffer",
          "data": "aJdJyb7nk0qkzlpu+2JyDi+d2Ajs91pGchHHebE5jVA="
        },
        "public": {
          "type": "Buffer",
          "data": "GSpm5r7AN9raWnj39/OBmVRe/yoZrUIpIzclkLH8zDc="
        }
      },
      "29": {
        "private": {
          "type": "Buffer",
          "data": "CG6T9V8WxAvsqrUfCg6QZszOv0ga5NCBG0rIblua7Xo="
        },
        "public": {
          "type": "Buffer",
          "data": "G1UKswR+vPcBsdsfXGoDkq0KH+efSuafz9FQYiGRInw="
        }
      },
      "30": {
        "private": {
          "type": "Buffer",
          "data": "QAP9MOcCTPuZTCQ7mVDuxOPWE0QVAdjDvtGTsjJjY0g="
        },
        "public": {
          "type": "Buffer",
          "data": "tVl79ZnlOBPYyzxufRGe8G0OxIzblCo+nFg6x8C6i10="
        }
      }
    },
    "sessions": {
      "48729757978.0": {
        "_sessions": {
          "BWt0Cv+5CyZCuGWr2e+ptc10W4FTBJ7Go5u/mF7h4sV6": {
            "registrationId": 1355499168,
            "currentRatchet": {
              "ephemeralKeyPair": {
                "pubKey": "BYlp1NEMloMiYui6gl7KVUdimRgrsPNiQ1OKLnTty9RA",
                "privKey": "aEW6fol/2BdWellJZkVCKdZExhCUQLEeHrgCCuH4/1M="
              },
              "lastRemoteEphemeralKey": "BWCfUpRw6iwNARfpIP5E520Z9VNNUBY4edu7a7jPOBFw",
              "previousCounter": 0,
              "rootKey": "EZvrpRWXuWVicsyFXnAPQCOHlMIRDgwXbaA2AYwEuQ8="
            },
            "indexInfo": {
              "baseKey": "BWt0Cv+5CyZCuGWr2e+ptc10W4FTBJ7Go5u/mF7h4sV6",
              "baseKeyType": 2,
              "closed": -1,
              "used": 1663883235270,
              "created": 1663883235270,
              "remoteIdentityKey": "BQQgnGUDv3B40feaoPUtGS85QCSopbQZK+xgTXNjg3wu"
            },
            "_chains": {
              "BWCfUpRw6iwNARfpIP5E520Z9VNNUBY4edu7a7jPOBFw": {
                "chainKey": {
                  "counter": 6,
                  "key": "md/HXGnGyIUCJaOdRKLoPeT0PH+0b02Tuc0me4vk2Hk="
                },
                "chainType": 2,
                "messageKeys": {}
              },
              "BYlp1NEMloMiYui6gl7KVUdimRgrsPNiQ1OKLnTty9RA": {
                "chainKey": {
                  "counter": 25,
                  "key": "D+pJg1g5Dg5Msy2SqgpXUDV/Bw/8R+P8K7yqgzz/91g="
                },
                "chainType": 1,
                "messageKeys": {}
              }
            }
          }
        },
        "version": "v1"
      },
      "628988293493.0": {
        "_sessions": {
          "BQ2ayYJSxbUfB0ao9RIifK0FVMLXwZytSnzeYju23hAZ": {
            "registrationId": 1137223081,
            "currentRatchet": {
              "ephemeralKeyPair": {
                "pubKey": "BVtBWOYez1BxIX432BJLBmPlWsc82SHbHsLMN/0//D8k",
                "privKey": "8Ot2LgiP/Onh2HDSx4x7YWbRPfYncOb6Z3s4OEKOrnE="
              },
              "lastRemoteEphemeralKey": "BZ1fuBiP5O9Ycs8sRg2+iqjqzH4nyGENLP8IY3bWtcR/",
              "previousCounter": 1,
              "rootKey": "IC5scSCm8MKqJJuMJ0R5URPszIHOoUDxjEbrjzQLzxo="
            },
            "indexInfo": {
              "baseKey": "BQ2ayYJSxbUfB0ao9RIifK0FVMLXwZytSnzeYju23hAZ",
              "baseKeyType": 2,
              "closed": -1,
              "used": 1663889404579,
              "created": 1663883318561,
              "remoteIdentityKey": "BbYJEbrslQikDCYKl04YQzbDFxczuJ1bpAHTa9aQJYt4"
            },
            "_chains": {
              "BbpB/nS5DxilTvZcQ5EH87OJkReYpL0IroxqaZgEF7sg": {
                "chainKey": {
                  "counter": 0
                },
                "chainType": 2,
                "messageKeys": {}
              },
              "BdtN8/8uDEvWwm+MxWTcjbRRQx4TcpySc7USPHTIsyVj": {
                "chainKey": {
                  "counter": 0
                },
                "chainType": 2,
                "messageKeys": {}
              },
              "BU70NXnH5+L2jX64mpj1QfJ4DTmFdr3d8Pdl4lGhOK8A": {
                "chainKey": {
                  "counter": 0
                },
                "chainType": 2,
                "messageKeys": {}
              },
              "BVVJDjxSGbOczK/R5TaFlt9IELxY7p9owNUTC7i7/PQg": {
                "chainKey": {
                  "counter": 2
                },
                "chainType": 2,
                "messageKeys": {}
              },
              "BbeHKyouUywtIHICgBKGb1aXwEIBzgHplaf9+iV2Wm5e": {
                "chainKey": {
                  "counter": 3
                },
                "chainType": 2,
                "messageKeys": {}
              },
              "BSrwuKpKmohxTkawORhHlMoKmtOw1Sc/bXZXRCg5t3d7": {
                "chainKey": {
                  "counter": 2
                },
                "chainType": 2,
                "messageKeys": {}
              },
              "BSdePKYxtNXdFVisU264SZyeOwddOcKk87CqvA7g659V": {
                "chainKey": {
                  "counter": 0
                },
                "chainType": 2,
                "messageKeys": {}
              },
              "BYjvdaGtr0+XG138Xq1RXsTRI4yC1svZTXzgoxOy439G": {
                "chainKey": {
                  "counter": 0
                },
                "chainType": 2,
                "messageKeys": {}
              },
              "BUs0mGSMfl8f4OTzz3K+K7EFrifQz3XTnqEyMt0Y9nY+": {
                "chainKey": {
                  "counter": 0
                },
                "chainType": 2,
                "messageKeys": {}
              },
              "BRewCSJeUSf/Ko2hDKYlvKK9n7z025+85wGETxfu5EE7": {
                "chainKey": {
                  "counter": 2
                },
                "chainType": 2,
                "messageKeys": {}
              },
              "BcNCE6Tmf2SFGn+vJ3ND1EEw/IrcHsuSw1csErtpIfBL": {
                "chainKey": {
                  "counter": 0
                },
                "chainType": 2,
                "messageKeys": {}
              },
              "BQkUgkD3b1cTqJF3Bhbt7IX25AnFgr5ChrsH3+IYd9Jt": {
                "chainKey": {
                  "counter": 1
                },
                "chainType": 2,
                "messageKeys": {}
              },
              "Bd8Jlh9WhzzPnGXumZ6/rrpAzeOQX6EyVORG0I2NXBBy": {
                "chainKey": {
                  "counter": 1
                },
                "chainType": 2,
                "messageKeys": {}
              },
              "BTfK6MNMewPIYMXsu0RqJ8PMRKHlLk7uAy9sUtC66842": {
                "chainKey": {
                  "counter": 0
                },
                "chainType": 2,
                "messageKeys": {}
              },
              "BeyWzZvG6o4QYuDH8WPM0b7wHbbuaXxKppdDH7f323V6": {
                "chainKey": {
                  "counter": 0
                },
                "chainType": 2,
                "messageKeys": {}
              },
              "BV0JgdonhlHXsrVDUAJmBWY+ft7yloCq/kWuWxwvZO8N": {
                "chainKey": {
                  "counter": 0
                },
                "chainType": 2,
                "messageKeys": {}
              },
              "BQi/Rf0nfgB2QOaQWdczEwiNDufi+ZbN4gKyo8J2TDdG": {
                "chainKey": {
                  "counter": 0
                },
                "chainType": 2,
                "messageKeys": {}
              },
              "BemHXz06oNPp/I3Yk3VsIefDnl8SIOti6SLXN8qPRlFv": {
                "chainKey": {
                  "counter": 0
                },
                "chainType": 2,
                "messageKeys": {}
              },
              "BQttmMTUjdu1GJdHr4nchAWUpV4VqjxAqsrzfLyLrk0O": {
                "chainKey": {
                  "counter": 0
                },
                "chainType": 2,
                "messageKeys": {}
              },
              "BRw/IQN3JcJzi5z5TsB2TZ9/I4mK8cOx7EpBkIvuuYN4": {
                "chainKey": {
                  "counter": 0
                },
                "chainType": 2,
                "messageKeys": {}
              },
              "BQ4yEHPa2Id7ZzjeYcui4CaCFgMJ54POnJEBDu4lw1hj": {
                "chainKey": {
                  "counter": 0
                },
                "chainType": 2,
                "messageKeys": {}
              },
              "BZ1fuBiP5O9Ycs8sRg2+iqjqzH4nyGENLP8IY3bWtcR/": {
                "chainKey": {
                  "counter": 0,
                  "key": "y3wuv8Q0raJiGghnbgmMc01nSw4Aavrsq6qOySuAAgY="
                },
                "chainType": 2,
                "messageKeys": {}
              },
              "BVtBWOYez1BxIX432BJLBmPlWsc82SHbHsLMN/0//D8k": {
                "chainKey": {
                  "counter": 0,
                  "key": "CMI3oXthf2Aj6hAtebJqRSVjReLOmPaDT2r2mj5VmZ4="
                },
                "chainType": 1,
                "messageKeys": {}
              }
            }
          }
        },
        "version": "v1"
      }
    },
    "appStateSyncKeys": {
      "AAAAAP6P": {
        "keyData": "di34uHYrzy0PVIJjjExpg+CRYLfXCD6V1S240STStnw=",
        "fingerprint": {
          "rawId": 343542460,
          "currentIndex": 1,
          "deviceIndexes": [
            0,
            1
          ]
        },
        "timestamp": "1663883234546"
      }
    },
    "appStateVersions": {
      "critical_block": {
        "version": 1,
        "hash": {
          "type": "Buffer",
          "data": "AohOfRgB5maX3DtlVfFcxaNR3ZV/IiuBWkorAXH1RZ8H0Y2Q/CFmIkTyu0srSwsEl66DlS7+cWM4M3XwhONupaOKoO8Y8iRLaV5DDVuVS4c8bw4xLLx3wuVYknj+xVSBOXrZEHb7pR8EohsJJqtr7+0Lyx4IkxaDYN9tX7tdd2E="
        },
        "indexValueMap": {
          "cjnCo3O28m3kULP8bnySViaXAmufD06B0q6uIpCBGhQ=": {
            "valueMac": {
              "type": "Buffer",
              "data": "i0O+hcxG06Z5Fzbiz9f73WVUnvewEtN9P8J8AnKZolU="
            }
          },
          "D+cI2XiTRcQaD95OGnm5Xy1rBcqJnHitzNNr08jk9Fo=": {
            "valueMac": {
              "type": "Buffer",
              "data": "oEYaCf9QiDFi+4y1dhfhMcRPhGvpHtf+mozkaHHLHD8="
            }
          }
        }
      },
      "regular": {
        "version": 1,
        "hash": {
          "type": "Buffer",
          "data": "fjTMQMLl7U1V6aAaFp4ukQRvwW6aYupUN2VXdujhabXsFdT0DbRJZjmu3SOf//Tw+vcYq/Y4FZXUvLrhS9ysRKNtts27wPjlHYVlMcF0JENeHpVFjFcup79OE4a/lSHBuq43k2F0tNlivgDYBz6f8dd0nL3IxWX9WaSjfLOW8rc="
        },
        "indexValueMap": {
          "JDGTrGzeF/tJv6xubtwBH8V3xJV/pbXfvjLfWS8ZHUg=": {
            "valueMac": {
              "type": "Buffer",
              "data": "dmJmzp+2QqjWQFvGN01hJBtiLS1dqFEdhJe1Go5GWew="
            }
          }
        }
      },
      "critical_unblock_low": {
        "version": 5,
        "hash": {
          "type": "Buffer",
          "data": "adRli2JPTdRr4aGghHtiEw2UzCPn0ISTnOeBLPI0UwYy2ZLVjjBxnafjthTEuOZer5zXJF61xBjpZGsTFOeQp9efxd/g1tRoJOq/qUCj84z+Q3jukWFpZ67dpmOynXNDjeSWoBc8Jpj4YjE2Cv4NVmMGonSQWvO8/FvXZZWSkSc="
        },
        "indexValueMap": {
          "iBNLbrINT/JO5dN+7D5NBS4Ew7UhAHChn0NbxKDEoDs=": {
            "valueMac": {
              "type": "Buffer",
              "data": "UOglvqs5v1wS/zotX5tNiHPwpuZIDQSwTm/fYr/fC2w="
            }
          },
          "1qsBizXRc9oXOuWnO+EgUyVLA7Qpm1Tg8DkPdxuYuVc=": {
            "valueMac": {
              "type": "Buffer",
              "data": "n0RB/Fy0PURP8BP2xFdIZKA88LqIQLdVxgihzWLalwA="
            }
          },
          "CO4aVbskirJwQ/t/m4Ds4zsmHnUOFbT8BNN3VWqYuoY=": {
            "valueMac": {
              "type": "Buffer",
              "data": "I8aaNM9ctlQtzvSullNiyEXslx+MV6O7rHYHRunose8="
            }
          },
          "O8KfLco35SI3C/kP6GR0swW/RLUsMcCo8iEdkwATq7g=": {
            "valueMac": {
              "type": "Buffer",
              "data": "XITk/AXJo7hGxVoauViP1m980htKFExCUU6459fcQQA="
            }
          },
          "BGY+TEfzJLjIGWv9id2nc7BlUwSng9kzuKmGanUP4rk=": {
            "valueMac": {
              "type": "Buffer",
              "data": "fvn5ovgfR/j90ZxdrFnx/pJwtwpCpgmgRg5k4dyZzVQ="
            }
          },
          "7ZkQbIklyrrmul16JdniqI6GLP1KYSM/5JRc6bvwj+Q=": {
            "valueMac": {
              "type": "Buffer",
              "data": "TB6rCXTAeDsCdqf10tf+lJty5G8qU9/oxqvClp/gaAo="
            }
          },
          "NqjDHVTf4TCpVIjTVRZAOtao4+PkkvBJgkQUAVF2fHE=": {
            "valueMac": {
              "type": "Buffer",
              "data": "uA2N87qvbU+UHdokG8tej4gznxPwMRiZN9f2yyHlwwQ="
            }
          },
          "IBYWDB3kqfzCBjUX5ssfD/Ma9rXV7Wh2oZBobOwqKl4=": {
            "valueMac": {
              "type": "Buffer",
              "data": "u5CJV3gk3To2eYgxYHmyvuVCo8nsK2XKGxLUIfvG1hk="
            }
          },
          "btBDvf0Wd2h0kV6Nk0bkClOIJaW+tCOfxOMtrrLfTRU=": {
            "valueMac": {
              "type": "Buffer",
              "data": "OvRBxWRTA0o/O893vSULuLg4sNN2YOGw0pyFRAgeYtQ="
            }
          },
          "hiykJRReS+1b7iS7FWCMX9K4NdN7T+G6M88cgsUZRxc=": {
            "valueMac": {
              "type": "Buffer",
              "data": "8BOu+0RMSEBWtDgkuQJjEurlZRAIxvvs3O1/dOhc/q8="
            }
          },
          "VZz3FaSV7jqfcy9n9Ic6az/nniwZ4YeTxj5LIHECAx0=": {
            "valueMac": {
              "type": "Buffer",
              "data": "+SO2RojVUxseyq32t1oLWKlim7DfkkCj8AnSklgAVDI="
            }
          },
          "rFztjZYGiZ6GonukDD3JzAAXQf3ETsoVz0lFGcZcEAM=": {
            "valueMac": {
              "type": "Buffer",
              "data": "XyScJIBYGx7PESp18pEaXLPH74no8WLxNM9tQAqIoQk="
            }
          },
          "PXsXWHDBdQ2n8Oa5of/W/68xjQyQx8taXQeApOeLyIQ=": {
            "valueMac": {
              "type": "Buffer",
              "data": "3V4kq1c9YebyhFyKInTt5CVek4Dr2xCcBuI1qS1qNAg="
            }
          },
          "4GZOtV/9x/u3rcN72z94L49R5qmIcN9wV0OkEvp5J20=": {
            "valueMac": {
              "type": "Buffer",
              "data": "mQAw1fGC5y5ND7UjHA9XnCxgnK9t1bGn48c0KTxaCZ8="
            }
          },
          "lvz2lw4pelGeLQWq+78+Z2hse0JxeSuHHO0kaK8KwM0=": {
            "valueMac": {
              "type": "Buffer",
              "data": "78Gp/caUXDxMFMwP2PY6rMe2dpwA6AXLAiaT2F84M4I="
            }
          },
          "9CfRMHH4+CpB3z3o3X+TtHqGjnOlb5L9cWjWXNa9GEE=": {
            "valueMac": {
              "type": "Buffer",
              "data": "vJTAVJcT4phGht0kWS+9Q4b5Xv7eokXjtHpdEt25aGw="
            }
          },
          "zcRn+UBNNjMLnyEL1ydU9u52TT1+chDB030sm1OZeJI=": {
            "valueMac": {
              "type": "Buffer",
              "data": "Lzka0BAfwfw0i3RUPV8/ctYb618dr6rq0TETYmNiQpo="
            }
          },
          "oDwTJqUPL/ZzKO82334HszIBltfVvB00O3YYMrZCRN8=": {
            "valueMac": {
              "type": "Buffer",
              "data": "VhBEvbnGDXshcjBC8OCZ3UhMhuHNZ9Ylyu1DtaFudk0="
            }
          },
          "ze3XmqLJ9v7hLw4eW1hodE+jSoMuVUIw8G3rjKyoU4w=": {
            "valueMac": {
              "type": "Buffer",
              "data": "jxYrmgAz+kuTcod/9VBDtCWDJOxipkYiQfmt0xIXLsg="
            }
          },
          "ei1S+XhLrtLZlo9PtseqpRgnwdvSJh5F53iaLq4j8Mo=": {
            "valueMac": {
              "type": "Buffer",
              "data": "AANFUAjO9hrhkAxIpht0tg1vpLnmrC9/lI+k4T5c4jA="
            }
          },
          "pMkkd87J87VOmOpZH1UHbHzCdnr2RXJsks4awk5u/WA=": {
            "valueMac": {
              "type": "Buffer",
              "data": "dS+oEsU/qCw9M4AghGq2T94lGxzkR1z9qMN3ONSEgZI="
            }
          },
          "daO2Kz0lk2BPGPDFFHT9Iiy38lghSGhYLqhPbO42Dtk=": {
            "valueMac": {
              "type": "Buffer",
              "data": "gHw5IeWrhwFsvPVGseyBBNSzzsI7yHyx1w2c//VF3z0="
            }
          },
          "/TKZFJWg9T/9pmmhd1ckPPTM3vfigHLxTCYy75gmQUc=": {
            "valueMac": {
              "type": "Buffer",
              "data": "ZDjchnKgRN5lOK6JChtI3CYTh1oQT3paoh36GoQsEMA="
            }
          },
          "rrWhctCNS74tMucTWG8Nyvsdbuogi8Q6EJ14aE/38N4=": {
            "valueMac": {
              "type": "Buffer",
              "data": "QP+h5Cce2wcMiAxu6ZgsYJ5V14Rof7OEkZ7LpnhB4yo="
            }
          },
          "ps/W+FrCw9NuBf2O5/fTb53Y4eljB8/OGXAYuGWdQng=": {
            "valueMac": {
              "type": "Buffer",
              "data": "zMcD8LwjhrRGJs9H67qlepA2QjXiBoeDdY+ORzGl368="
            }
          },
          "KKvntgGGcs0bOBriQTSIRhYgEhW4I5G/BVVKSLXvTxw=": {
            "valueMac": {
              "type": "Buffer",
              "data": "xEf8AlBK7CMVgJIaxbs5D4q3ffw6xfdA04pommmh3Cw="
            }
          },
          "Do6/PFz2+oIBdrap2zKS8xJXt8xHm6zu/jCSDVzKXjI=": {
            "valueMac": {
              "type": "Buffer",
              "data": "xZYWzOr7VCblBzQ2avyYsETkG5vIbUh4U+rx7vkD6F4="
            }
          },
          "IUj+qChWrQTJaqKTkpMpzBH/qHga/djshw/I+Fwjqns=": {
            "valueMac": {
              "type": "Buffer",
              "data": "e7NEWgGxIYTgC12+15n+n7J4jC3zTFmGJjBR2prFSGM="
            }
          },
          "XrXdDj/erUQpwzhQi9kZZjqWX/WYqhjLceLy29rW9Yw=": {
            "valueMac": {
              "type": "Buffer",
              "data": "yxAgOgy53YJyM6RauejVGSDLWXv6ivvP7RwKMaPuKjM="
            }
          },
          "+ozB4vMZ9x4xrC+BKeXF/jWKPFqZIi/W5P9yJezuwqE=": {
            "valueMac": {
              "type": "Buffer",
              "data": "vb9nYDWmKh3hqR4hmAURTNHrmqAJAlvuRPG+Yvta44o="
            }
          },
          "yGO9la2wWubpWR/JqcdKu/zKVyIPRoa+bsZmYOhLpaE=": {
            "valueMac": {
              "type": "Buffer",
              "data": "5lnV4fewynNRvCLJdCr8b9c+lIOSDBLuijvz2uxLIWA="
            }
          },
          "6Zn95wazgOI1e2I/Of0Eh/cLtZdZMRqFN40mZBmsngs=": {
            "valueMac": {
              "type": "Buffer",
              "data": "9kesxJ/lFxh5z7x2Szf/V2nU40RXPMyIWfK5ZdwJJ5I="
            }
          },
          "5/j09RoskYdtwc4CIpWfE4sBn8Y5+cGWSIu5wD7kdiU=": {
            "valueMac": {
              "type": "Buffer",
              "data": "wacgab8rwiQZRT00q+U/DpHnULhYNmV14BZ368H4b2Q="
            }
          },
          "4EI5YtqrWHkdtca2yRC1Mpfjx6Zvd7ESEII/xM+YnoA=": {
            "valueMac": {
              "type": "Buffer",
              "data": "OkCdIvpI7G84JjSHc4XAI0IFTdAwRlEFSXXjZMhMw+Y="
            }
          },
          "l21eRcUdj79Cm7hLvgTsYPI1CXW71zz47Pyz5+GbvQw=": {
            "valueMac": {
              "type": "Buffer",
              "data": "M7ejyzE3rNVGV/uEkqXjZD46kSOB/dU9kbOMtcoiEd0="
            }
          },
          "daT1RNXTJH1AOmFPaTO4CulhGDgHzTjEapGkLXQlzBI=": {
            "valueMac": {
              "type": "Buffer",
              "data": "vpM0pdsHIGFvm4lYb3nBE43LETqt3P8qWnyedSPFLBc="
            }
          },
          "8/Isz/w9SaYebXq0BcFaq25susbJzU9qP70BAmvCEU4=": {
            "valueMac": {
              "type": "Buffer",
              "data": "BGt7HXYjIv2Q/T+/kW1Qmjjj8PAajHYP+ibSRVfyMac="
            }
          },
          "va112o4NnBxkBwX55T5dd2PMNckHxABpGE4D/pT785c=": {
            "valueMac": {
              "type": "Buffer",
              "data": "KVbXgsoDmLj7IX66em1YXL/971c/jzD0lhFC9DZ3IlE="
            }
          },
          "lC+hvOQNp3lSP9ZQ1X3LubaUGKaB9pbuT1ZqQrZZ3rc=": {
            "valueMac": {
              "type": "Buffer",
              "data": "HUeasjAPoczRS2Y60G4YRdyLcDqCQd3R7CKL97H64N4="
            }
          },
          "uiKKs7lAGTi6Dk8Flz8IQQbIPHYb+mQs0PcZdDeXi74=": {
            "valueMac": {
              "type": "Buffer",
              "data": "8JuhTmvrlzzCkk2hJloMk/xFtqybj9PFlcybK1wDdaI="
            }
          },
          "2dlLHHMMa/iA7+tSl5LCeEHIRO/SSSvg3sGo/1KkPGk=": {
            "valueMac": {
              "type": "Buffer",
              "data": "7JaVJ9vndt0/8WjFs5bR8CNsTmr0hR4iu5WfNy8VbeE="
            }
          },
          "egZy34kXAmX+UfDkHAB0Mz/3TINU0GjmCNVmGUx4xbk=": {
            "valueMac": {
              "type": "Buffer",
              "data": "uXOn8fdFu4jmKIm/7I5JvQT8xfjhBDoh3SPM0JCUTH8="
            }
          },
          "MPMXQiZU56gpnpQpxxl7BC6ZS+NjcXv8jRuga3OM9VQ=": {
            "valueMac": {
              "type": "Buffer",
              "data": "4tLe4D4YXUmir/SvWhQOBnsMBo2dRz5w63KlDuzYkhg="
            }
          },
          "SLHmZXYhauuKTrVZy+EI0Kz6le8UljfWF5l1j6m2VPI=": {
            "valueMac": {
              "type": "Buffer",
              "data": "y1hgoJ3q2qFHIO0nqxD2pT/NbtBomY+OPRz1RMAaRNs="
            }
          },
          "ee/v7zYyCkNtd+IbQvVNuCmVe8oy3qPPPSlT88hGEug=": {
            "valueMac": {
              "type": "Buffer",
              "data": "Nccy9Ca3g3CaAbSTK7lsdoerOeTTnsJl1F2Qeo+lqvs="
            }
          },
          "HIIaT87d4qv6r3P9CbcmBV04SvjH+IxFyKpNjd9ph+A=": {
            "valueMac": {
              "type": "Buffer",
              "data": "Q1/RcL7kgI2+Bu9qRhR+0YQwJRxwwG5AIGwpGq4ro28="
            }
          },
          "R3C+HcJ+C8fUVwRlcJ7fWyY8pP/vYqT6I8ymVCr9DfQ=": {
            "valueMac": {
              "type": "Buffer",
              "data": "871Rb5axlgfRiJxca8hM7wWlMm7PADnwrack3/B2QzE="
            }
          },
          "EZ/GeI/dqRYpmaIMaG8F0SSCnFf7TXCqQw+ealRwo6o=": {
            "valueMac": {
              "type": "Buffer",
              "data": "2fgh23cpk0ObIGcGg1i4GXt3e/3LDISD3SqloOPjLeU="
            }
          },
          "iDATFhmrtyek7n/6XqIzbBKpmZ2upnoTFH2JdlxIqKA=": {
            "valueMac": {
              "type": "Buffer",
              "data": "h7zbCjtPBQRjghglsF1nwPY6hb53fbRxPLGqAopf+aM="
            }
          },
          "Ahz7mmQDV2D/6CbdV/bm5ZYOsCAC2Bv2XjBfh/h9umk=": {
            "valueMac": {
              "type": "Buffer",
              "data": "vY8P3j1AzsnZXfXG1qw1ibSL3/+09Cn5kTjHO+J1sxQ="
            }
          },
          "aKK/rXUklK12f7BhzFpjnWrK+DwUaiTt3WZY/rq8O7c=": {
            "valueMac": {
              "type": "Buffer",
              "data": "b9ktdCLl0bOrovQjHSia1p3Swy887/+hY2S9H1G/6PQ="
            }
          },
          "qP51IAK6zC3ACNwnZnMuvb1nGgkADQYBrD3uUFnnnwY=": {
            "valueMac": {
              "type": "Buffer",
              "data": "lQ3edD6lUr+ky1DGWoapX9jNaJuYxm+FxYGmZmGJ3RU="
            }
          },
          "LeUWKent5e6exA5utX4FsQQsf+x2OaBHQHhFrK3JGUo=": {
            "valueMac": {
              "type": "Buffer",
              "data": "TLL9UvH0XM3NNQt0uFUaAmo47czOEJaOHOUxuaRM7+o="
            }
          },
          "hxoKoaCC46UMZKGsCelvY71TJTSq8ziMxqMm4bCl+V4=": {
            "valueMac": {
              "type": "Buffer",
              "data": "S/hFtMQubakgtJnpomYj+Hb0u2Ik2Sl1zg3ZHMxZQ/w="
            }
          },
          "xpdWF8goX63hGY0XR/B+CxpC08JRh1lWsejshxgl7u0=": {
            "valueMac": {
              "type": "Buffer",
              "data": "mJo6sf/qXLjhTKJhm7CDHiBwNCOWgOUzcYmk/OImjkA="
            }
          },
          "7Ef//xCHqa7Jhq0xmLGuvSLYxmAmbW2t33MRWCyCP+U=": {
            "valueMac": {
              "type": "Buffer",
              "data": "Hg+lybaSmUVG989kNhcpmN+6uM2HEockiejA16e87uo="
            }
          },
          "ZZLGQVZFW02HoNOys+oJ+Zh6aPTY4GlEchQCZ8sZ50g=": {
            "valueMac": {
              "type": "Buffer",
              "data": "osgNiso1kW7dn5UIuL23+mIQ27nTM6JVqVsL1opCJuk="
            }
          },
          "irKv5o2bnnPpjpT313r4tNru2J1RT0W1OUF1HGccTm4=": {
            "valueMac": {
              "type": "Buffer",
              "data": "JuBa5WvpztiHSUnVAcS9Z4C7C+hxrpi5Bi8ehklFRic="
            }
          },
          "0JEg8s1fAnMtna8Asu+ypkh44YFx42uqXU3dRevOtic=": {
            "valueMac": {
              "type": "Buffer",
              "data": "m1PRQh0P3lBBhqMPT4P5kcBj3Jgo2nmKYaB3Wc8Txxo="
            }
          },
          "5ouMOMCJk510SNePHlscHgqlHAHpa4Ew+3TUOv5eNfA=": {
            "valueMac": {
              "type": "Buffer",
              "data": "68/8/W7hwJYwxDy0rUgG6Wb2dlNU1U4kzkw2rZTUQDk="
            }
          },
          "ksqSe8i4Bm7heCIa5ga4CgvoeBuOkL3d7dSPX9jh+7M=": {
            "valueMac": {
              "type": "Buffer",
              "data": "gUH9j17DAsmWjx57kBummrf7ECBLft4CcjFNlDvmkjY="
            }
          },
          "CsK+gS31zxa62+eObEXZP/YY9vHZohetT4HeVnxE6ZA=": {
            "valueMac": {
              "type": "Buffer",
              "data": "Cn1L9A63jbwbdOWs/Z1hqzYUPhkE760DdqcwUcHCUw0="
            }
          },
          "+mezCVuEL2glNDGLF3rJzxRKionXwiTOjved1XoHFBw=": {
            "valueMac": {
              "type": "Buffer",
              "data": "Ci1QHQq4DhODvu1BsLSO8s6/eolI5BOQhLDwfy4kbY0="
            }
          },
          "cVX7Miy6oULZA2Qez252a763vdAUR5L9W/ZfyAXmIzY=": {
            "valueMac": {
              "type": "Buffer",
              "data": "lVZFljjz5a6OG7lzemD3eSODFLmNeglj8D5rqkjns1M="
            }
          },
          "U6Bb7ODsxasHVuxJavBuWViKIbKme/Ml298+fbYAjCU=": {
            "valueMac": {
              "type": "Buffer",
              "data": "6LBSMP+OfbzV4qahZeGyHZ/nnJv8fo+TjPw1xRcV2Qw="
            }
          },
          "tSNwjRGraNYLGbpWIqVRxaru/SHQGhvn4ICUvKO/xV0=": {
            "valueMac": {
              "type": "Buffer",
              "data": "ydUDo/4ifw/ey1EAJe23/+tlNKKSlwQTeaqb+851VPY="
            }
          },
          "fYApj+cgTBBJB8Pd3Q5GTTSncuDhQWhzAffgqzfMnTI=": {
            "valueMac": {
              "type": "Buffer",
              "data": "2p4FbArHIfYWHRPXFm+JadRtTav2jQ5jt8h0nM/w+z8="
            }
          },
          "g4eMBSsaS/OF71IpgbM0mul8SfBxJaRpDSZPKg9rwwQ=": {
            "valueMac": {
              "type": "Buffer",
              "data": "ocl4W6TsFwFur0fLPjN1G1saFmudXUkueXxkIrHa9XQ="
            }
          },
          "R6Qt9dTFOH25AxNaJhhzi2SQLNIZSsrJ8ZdMrsQPnqA=": {
            "valueMac": {
              "type": "Buffer",
              "data": "6B8gn+PYxuTX8q25B0uGj8MUJSvUXxZDl5EuYIgf8No="
            }
          },
          "bQsTCsvO5kRK7uXDlxCDVF0x/vLILRl8vWfhNc9XhHY=": {
            "valueMac": {
              "type": "Buffer",
              "data": "rPAaZ3r9+s6Ewy5Kb/wUg215DMFOpFxv6KySCCZCFSM="
            }
          },
          "GHmC0Y0FB4dxLQkFO9tUlNkVw213HyIFuuHjMRfUJBo=": {
            "valueMac": {
              "type": "Buffer",
              "data": "hD7UWcd3v2UOCEDdPf68tre89ydD/mvtVJbfg9FjbUE="
            }
          },
          "mUJwyrQMwmeWBmqmFiwXPHjTueT7nRHp91oTpvl7sU4=": {
            "valueMac": {
              "type": "Buffer",
              "data": "dvIuyuMs/jB9/whM4Bry4PlSZB7rKf24+NvYfZitF58="
            }
          },
          "Qg5FNCZ6+NYiRGi6U5uU3rZtRefZjFc3n20AyyGDvPk=": {
            "valueMac": {
              "type": "Buffer",
              "data": "46ysc9u8dAcUZPE0DeUEtPeu6P12BO7Wbv3zZLIlG7U="
            }
          },
          "RQ3bRk+KvcN54Q3XoGcWlHBgIRW7hP1KsVdKNDYyaQ4=": {
            "valueMac": {
              "type": "Buffer",
              "data": "TJcsKaHCeiwU6MnpoRNTBreeWvnUKY7CjHqiMl3F0Ws="
            }
          },
          "PB2sVLm6nxfGH3qE7WdTuX9pEyhmcKAqtqyM8aoqWqE=": {
            "valueMac": {
              "type": "Buffer",
              "data": "ha/wNT1Fq+VL2Z+fLSL/JpuP/Z17fmdmjNiM88hFzAo="
            }
          },
          "WXrrHtGSggP3nduBHgdxBfH+/FIrcb9oMT6GmOckBEg=": {
            "valueMac": {
              "type": "Buffer",
              "data": "C2LrRDcptxBkFnTwHfYd58SRJ6XQcTgfo3a1m7ZqrhI="
            }
          },
          "m0UfoCOE1RL7TK4hYwTi2IsE/3+CqJYrjh9NSGxNEoo=": {
            "valueMac": {
              "type": "Buffer",
              "data": "L/vwf5g6j6OwjHSSpHhUlgU1wg3dwJ7f1toHXSNEhTo="
            }
          },
          "8QkenzrGLNO2fsfu7nU79UAaRx+qBiyMYZ3WIuTouhw=": {
            "valueMac": {
              "type": "Buffer",
              "data": "UuTFICensLx033Pu8/pifWHaIpU7vzN5EB0NCUh8P1g="
            }
          },
          "4Hon4oEmFmo5bBiGWj3FPeEU5QlTOc2SOF8Hlfk/pDY=": {
            "valueMac": {
              "type": "Buffer",
              "data": "TJBFop3TWCKSmHGUeQrEd/3/9CSs/hJ9awsqP5mvrqc="
            }
          },
          "gZr0q65YbTgCrJ2XJRKu8LbCeswTSzvrbdHgI4Ub+qA=": {
            "valueMac": {
              "type": "Buffer",
              "data": "PL4OOF7bNQnjl/+Hqf1jxHMBTLMhL0sJ+QAwX2HJsPM="
            }
          },
          "SF66KHSWIB4zf5G/PXvzSdme7TYByG7qdeR33HmPa2I=": {
            "valueMac": {
              "type": "Buffer",
              "data": "q3YVk/7igyyYMjhdlJjMSOdMZX1Y+nmXhWzOxL0KLPQ="
            }
          },
          "53KlxkthkHCYGVTm1ozoD1+dubnaQBOp9/5xElNeVv0=": {
            "valueMac": {
              "type": "Buffer",
              "data": "5bQAsDLLu4GDU65jViB190FWAAbsQPL7z2jSxfzo7a4="
            }
          },
          "1eDEWF7no11b7/ViUqZE6D5SGGm9ZFfxij8GAebT6u4=": {
            "valueMac": {
              "type": "Buffer",
              "data": "8UHKbsHgwFgCE3djhc28rkS7S/43vRdJPaVx1LJOS2U="
            }
          },
          "/BvMhbPJdp5HZTB1mGlSoDfPixiwMEG87iNCbZ+Wxm8=": {
            "valueMac": {
              "type": "Buffer",
              "data": "o3r2yJhBbA5c3vdFwQNF5hN11MSLt1QkKFn2uNN4TY0="
            }
          },
          "EOY9SpRO85cEodn2uZq4ZyPbHisCdEHiMmSqTmYxWr0=": {
            "valueMac": {
              "type": "Buffer",
              "data": "GOrTVigomm7ZAb9/GwbMVmfaCu1xJcADwYg8VixaXOY="
            }
          },
          "Gsxn4dCRq/hRJyABd2Ijyw3VZ20BlTZX63rai4kHQ38=": {
            "valueMac": {
              "type": "Buffer",
              "data": "PXKvnEbrUOEmnryF6nEOc17+PmmoRkCoWy3LhzxHUoI="
            }
          },
          "E1xX7AmDCrOmATOxh2Y/6VuUDdx3Jf5uAQdgtM5qBzo=": {
            "valueMac": {
              "type": "Buffer",
              "data": "AoEOn2d8kDTgEJYGZtoWe4TSSiAHGybvJxsvDyD/VFo="
            }
          },
          "x9niewRDXVGRgWT/fsOtXlY2IRcv233jzvjsNjE8uAc=": {
            "valueMac": {
              "type": "Buffer",
              "data": "2hlgOt+W0K6MDkEUhHM/jC18yzuXrAOKr0uBwZG/64c="
            }
          },
          "EQxzAXWHPXmsrjYWTTLvuKrI/c1uYvpsnRc4cVL7SUg=": {
            "valueMac": {
              "type": "Buffer",
              "data": "g0vGegXwjxy9MYBiQb9Uf5PIiM6sgKP1xv+KyFjl4/g="
            }
          },
          "FV5o7YewSmbqwBbeT1WNVTROcS/WTzsB1BAwJMw/TV4=": {
            "valueMac": {
              "type": "Buffer",
              "data": "Bx+IhD3flp14MGTrqGL128A1Mbcqla+HyZxpLzYKhQg="
            }
          },
          "FTdgxc2FDI0ImStpBkK8zMNY0TSqLSYb58GpLvTRJIo=": {
            "valueMac": {
              "type": "Buffer",
              "data": "16X0VuWqdRgu06bFKnWGg2IKZ7sOOlBWaov/8g8cSYg="
            }
          },
          "W4MkqLeUZuKBCXklP+Zs+NwN+JvXsvgHVd7r8g07GUE=": {
            "valueMac": {
              "type": "Buffer",
              "data": "Qz4XE5cgqW6kvX1H3lUFuiJ8xe88vbpgC34bvwcAXas="
            }
          },
          "EAE98Cj4snDOaWDrVQzT3J4Eg9l0RGh6xGVp66XECCE=": {
            "valueMac": {
              "type": "Buffer",
              "data": "6CBKU8sGUBBgeNMXuTBwxd754dL9flmM6j27NzNvAgk="
            }
          },
          "RyHttdP7vK7YMLT/PkVql7KrrXV/YTQyAM6R3gJl6lk=": {
            "valueMac": {
              "type": "Buffer",
              "data": "FPrLr1Ke1XT5aC8KATqGYEGA6bfXi54BM1NdI0SPp2o="
            }
          },
          "H3nY/WcknYdjWbgdHGFaeVu0Qj49F2BA8Rp1jbw/i5g=": {
            "valueMac": {
              "type": "Buffer",
              "data": "rwPlp5rmcN9QE5KpwyBjpw8jrpdOh6WYGAQTNt8uIKY="
            }
          },
          "/3wjeTPW5m0YaT3uhUDU0w8HtsCj1/0T8SNBO99EiRQ=": {
            "valueMac": {
              "type": "Buffer",
              "data": "Mblst9faHPWB+o3oc/jKJFpH9SRo00MkKMA8eVCkdHQ="
            }
          },
          "VX+3KK+5BWMjTIdH0oUyVVrOu1snmW3dCs0Sp/C4iJg=": {
            "valueMac": {
              "type": "Buffer",
              "data": "w4Dlgm+YwcKryrCOYOJHUbY0cDoCd1LbO7GQMJX4kSs="
            }
          },
          "Elp9TMnXZ3oEqGESnwvklk01YbyeQkTCOseKQESf5LA=": {
            "valueMac": {
              "type": "Buffer",
              "data": "+rWDvJYq1tLdWyX8wIzVMrXo10FXFCOJHNOl/BL3Hw4="
            }
          },
          "xpRsmSEGuZyzMDzDfY0TVFI6mHKzv6QUkqyiHzRKH6E=": {
            "valueMac": {
              "type": "Buffer",
              "data": "sf3K6tpzNSRR6YTl+ttahciu1rN89E9tQQ7OI81l8uo="
            }
          },
          "J1j+cfscXR0LgJcAW/GkcfAFkXXVSwV2RxmDlCmYBdo=": {
            "valueMac": {
              "type": "Buffer",
              "data": "KCpc5PnL69XDxwwzEG4/SJVcIW7WXoLW7VjOrpk4Btk="
            }
          },
          "aTRBSUE1kKVJlvGl2nTwGvOynbZZCUZzyceKUndduRg=": {
            "valueMac": {
              "type": "Buffer",
              "data": "dD/D+K51zyvTDmICwyHqNtfTd6XuJrrIzJn5kA06eTI="
            }
          },
          "D2Lks/75loIClhuFf/OpLN1m2dIB+4Lbka36H0fbl2w=": {
            "valueMac": {
              "type": "Buffer",
              "data": "Zu9KAOOugxVQeRzJxSSLTB6gUuyAVjw3LOSwH9lKbNU="
            }
          },
          "m+ml0F7oh7pDd/jVKAILAVrQ8Y3hGHaHbSGR7EjKPnY=": {
            "valueMac": {
              "type": "Buffer",
              "data": "4KMFU7c4uXBLyp56E/+PJ5ihnfkMUNSoOjcDO92AZUg="
            }
          },
          "e492nCKNYNvEhTH22YgQBUb11nk6uphc3jjFD/C0t+0=": {
            "valueMac": {
              "type": "Buffer",
              "data": "8jBxPQTeXAf74Q0+2U86VINFv09HTHs4+qXhHGGFYR0="
            }
          },
          "5yh3+Jj7XNkA5gd+oVE16l58NUiR4ZJzSTXXeGgp3CI=": {
            "valueMac": {
              "type": "Buffer",
              "data": "IDXnyjleWoUnZEXC07GTMYCxLkULd9x6tK95Hjo8+lo="
            }
          },
          "b+L1f+bX1Ke3rfE53vPyCzWXWJtR6rJ549VCEQQgJnw=": {
            "valueMac": {
              "type": "Buffer",
              "data": "0zizo11nwf+0i/buhSsQF8Tgc9jMFTtOj4prMp9tmo4="
            }
          },
          "7SCBVDC4ImVseSbJBc1VQzknHWEyNV8OkCz/+u3Lkqo=": {
            "valueMac": {
              "type": "Buffer",
              "data": "IZGrCkZicszycQ18kWH9ZkODXZa5JcmHVqJ9wmHVR/k="
            }
          },
          "o8m2xOpirkS306cWJYGhRAeVu2CNfHP9Iof6q8FExcA=": {
            "valueMac": {
              "type": "Buffer",
              "data": "gMUWeTxkp9R0Jmn3LV/NshTIdv+fQWxNEBO6huIG8Gw="
            }
          },
          "ESSk0QebolBXUUaNC9jkCLtAX2PSEMzQJUKcZ/zeLB4=": {
            "valueMac": {
              "type": "Buffer",
              "data": "VwchRDI1bWplBEOCqfHskc1BHQwyNiWGY8TLwtnoJlw="
            }
          },
          "WoKg6AzHCDCTUliA7ARfCPD/8t+7qqw5XR1IIMe6kLY=": {
            "valueMac": {
              "type": "Buffer",
              "data": "m3rzjjk7v9UgikoyBwsZA6tqmpTzZ0FDcSHB6tyEjWE="
            }
          },
          "FucQ6aRU35QOdlaQae1Zg1QN40nkI03oKU+0zVpkuq4=": {
            "valueMac": {
              "type": "Buffer",
              "data": "QbzJhfM0qPHPwLNckAIadFz/qS5iMawaxrhgTvgVlwA="
            }
          },
          "9UcprhHrdoZqZF68x2D/dhFGJpN8vSG4/cqvqiCCCBs=": {
            "valueMac": {
              "type": "Buffer",
              "data": "aftE3DA6YOnvEZG2DSpOC1ftl+oQk4KBt/Wphh2Gozc="
            }
          },
          "taF2y5u/zACJkXUHbl3elRyJpHzrV8NYYHdJFQjw8rs=": {
            "valueMac": {
              "type": "Buffer",
              "data": "FWmPF9uwTgCLD82dXtVUF9MdwlDZQlvtlREWDu438hE="
            }
          },
          "+EzCJINx7fNSRr09M7em0adTItb8WuGegZUE5OV6+ng=": {
            "valueMac": {
              "type": "Buffer",
              "data": "kWYnBakPKy9R18JP/ytiqJyv+1yWibQm2K7D+EablN8="
            }
          },
          "k72CQTrdEC6pZvKXbS3N8VDT6uLJfqKd0cep9YSMURU=": {
            "valueMac": {
              "type": "Buffer",
              "data": "DYV9bP/oHlDT6TJ9urteZeZhN0Xt8kiqDqXaX3H/JtE="
            }
          },
          "ETnnkkOaQs4+JRGF+ddVQD+2tOXhfAd564bVhmzjq3w=": {
            "valueMac": {
              "type": "Buffer",
              "data": "Kh0MB6tJ66rR/izfO73IHnDWPEPytqA7y385efvBvEw="
            }
          },
          "Xz7j/Sqp54eDz+Z1EeQiKRvLe7j4pYLn2JL/cTBy0GY=": {
            "valueMac": {
              "type": "Buffer",
              "data": "Vm+huGGi16HZ0WXyFD2AMrHzkxP1bNikskZGQay9HXo="
            }
          },
          "RXTdk/AKqsC0vq+KhHKXyx1VJH2GXyyqPPQAGZukw04=": {
            "valueMac": {
              "type": "Buffer",
              "data": "aeMgzfbR4nUEL1jwJoImbz3ZtXwvI2n9+tLq/OuC4/g="
            }
          },
          "Ji1wpoH6JIKZkt8W6Pw/MctXQBO8Q2pzxqnBtu4Fhg4=": {
            "valueMac": {
              "type": "Buffer",
              "data": "YHkizO1P/db7A19VvgWq0bpUvG5Vs1QSyr3UMP+2C7I="
            }
          },
          "ksjWmuv/wp8v4zJzJcLOrsxJPC6IQeObj0lNKQwXkTk=": {
            "valueMac": {
              "type": "Buffer",
              "data": "0p3ypKcrjsVXeBsuLvR120d09Myv6sKkwa4pDfqjQfE="
            }
          },
          "M6M12OhQiGhnG4XZVy9POQzUWbe77uEgXJLaOkGCktw=": {
            "valueMac": {
              "type": "Buffer",
              "data": "Yqwd5W6/2hhvLJ4CHd4+y8qZS9YBXTd71L5vycyRLxE="
            }
          },
          "kywYE46smSz3GM351nVUiqaU+Xf5pfsy4l/JVYeNGyk=": {
            "valueMac": {
              "type": "Buffer",
              "data": "KgN8Git/SvngZS5qBf9YinUzeHztVhWeScOegoaGVvY="
            }
          },
          "QxHrfX4vKSIA5zDKKEFrRfmgeoR9vY+NwIIWQlkEW6c=": {
            "valueMac": {
              "type": "Buffer",
              "data": "45uajEqoW4F2Mf1Iso9d/s0HIy3zxfItBSdyv5rtSwo="
            }
          },
          "YkYxZ2dVzn0hM7sV4lZrInp0Od0FNUGRW/nvqK7irtA=": {
            "valueMac": {
              "type": "Buffer",
              "data": "86Sw/sAK6Xov6xtQGnSlM5wxjwAoLcVoHR6ZUC1uPVg="
            }
          },
          "YYfY4JYGfDK5cBQR2Xuou+iTmaz4v+VRQA/wSU1f02k=": {
            "valueMac": {
              "type": "Buffer",
              "data": "7a3zx2bLv2HBNQw798sU1XNaJUtvNNsnJLvwuXmN5mk="
            }
          },
          "UxfpNXkGPwU/h7HrAo/8nLaY9Ho6Y2ow6XKqGEomjQs=": {
            "valueMac": {
              "type": "Buffer",
              "data": "g/60jgQ7NIh48y+k/dAWorCeCANaydpAhxwOJcp0XXk="
            }
          },
          "guqIgEtM+vL42valag5ZEEJnKrMQ3MPKlWc9uvP66aE=": {
            "valueMac": {
              "type": "Buffer",
              "data": "I1cCkRAfaGOtwDTzxkW+xgnli3PrM9dRwoT1GL9nb+E="
            }
          },
          "3W0uIJv9w8qjLgwKU55xdrylamYumP99e/Jj7BunSeM=": {
            "valueMac": {
              "type": "Buffer",
              "data": "UFYdjQls4KDNStQmfi0+zGZNh2LGzvfDdVyEHcJ42PI="
            }
          },
          "GmKz++j6e2SqbNjiQXfgf3WaP2N9et59ggr8LBzoZzg=": {
            "valueMac": {
              "type": "Buffer",
              "data": "JabZh0Vz7KNomvuiBj27J8+iHSrtuMWzEO/CJf7UgKc="
            }
          },
          "yXNDOt+g7ngdAixvusjmHYUFF5Uv5X60mcLfIw4Obww=": {
            "valueMac": {
              "type": "Buffer",
              "data": "SXwJWWo3kbLs03PyMMA9qzg4WQSSAT7cRQMVtNZ+0CA="
            }
          },
          "LVAoX/s5l+MF5y/MuBKHA+UcXARI3uXpnNzXOvwTCr0=": {
            "valueMac": {
              "type": "Buffer",
              "data": "SF3zEFI2uzXwbt4SN4wllajVGbn50wxLDv6hSxGlnNo="
            }
          },
          "pcUOEaPexrYxqKWwQgxwyY4HwvNvOLcaf3IpIYVedds=": {
            "valueMac": {
              "type": "Buffer",
              "data": "Fz/WdzxkU3xUGnmTxUYux3ZFn+0pB+/js14lN/7fzLY="
            }
          },
          "alMm4/PzLNleITE/S5SiIR4fZBLOMbXnwVIvO703TRU=": {
            "valueMac": {
              "type": "Buffer",
              "data": "U+YEy/x92eGRJ2by/ZWfd3eGztOX5lFPalcKxv2ICYU="
            }
          },
          "h+ZlfvJTTQLJDvwLPy9o/cYz2x0ckNbAAhaCe2Fnd7c=": {
            "valueMac": {
              "type": "Buffer",
              "data": "Ran4nLyBVLw2q1z2SQASpYxc9RP3sz6VoQQzm/Bvq30="
            }
          },
          "YBIGz44PpULpfa/9FKF/os5UABtmx8+jY58mt3ZqHcI=": {
            "valueMac": {
              "type": "Buffer",
              "data": "iNkph8HXlBnouXtRRHJc3tbVBFkx+xTGXAlkvzbV5lc="
            }
          },
          "m7CqeyOoIKeIkpJrKkFoMXZDNFaPIpWepK02dAr4Eo8=": {
            "valueMac": {
              "type": "Buffer",
              "data": "TuZn/VbTAOzHAwpwnLl1BuqNmjRCZLtRAxO/uka8r/I="
            }
          },
          "HjUtAsSfIt9v2nx/cD2VLsyehcyYrtCeJ12r41zIeow=": {
            "valueMac": {
              "type": "Buffer",
              "data": "0Us2JyCBrVYMX62QyXtgtJCwD4omj/R1oX0AhGOKs+E="
            }
          },
          "GXiTEQ8AS6+hX1RfLcrSdBxQAixmLfwP4JHlFvVDD1s=": {
            "valueMac": {
              "type": "Buffer",
              "data": "2BY8RGR7UoX2b/F9ONwbH5UCbdqSq8adzbHN0G+6s0w="
            }
          },
          "HYK2j39EFvgEfOwtoeK76nhab3ygYsZWQbtw4ju14PQ=": {
            "valueMac": {
              "type": "Buffer",
              "data": "iesWZy1swZ5PIEjwTYDa5Fi1A+xD7/6oUHhxaqaXBkI="
            }
          },
          "YAsoDgx7if7YvhIMHWpIVl4hxlBzJx95jXd8nG4VG9Q=": {
            "valueMac": {
              "type": "Buffer",
              "data": "EcMn9n3K8qo7ppSJWvtnlvfG60+AXOjoq3MT9gILrN0="
            }
          },
          "B8xjmI6+UR8tWT9491eW+ME0LepzZVMtD+Ysv3/GvEc=": {
            "valueMac": {
              "type": "Buffer",
              "data": "bv1KRC56oZlS5DUlKUGJIIcKMiCDxVRpf1dZWJUh9vg="
            }
          },
          "4KUn+qlgXsWKL2yRw3mW6GpG07x8Uy8wxpsLyIurTjQ=": {
            "valueMac": {
              "type": "Buffer",
              "data": "clCM1P4+x5Qu7T3RGP/AVfun2cmd409aa8+WafBJ1pg="
            }
          },
          "Ag/NGtkWQn8PRArcop+vWJDfi1Ig41gD7bO2hnouSzM=": {
            "valueMac": {
              "type": "Buffer",
              "data": "yj68mKt+V08PA9goQRsXzF47cocOb5l8rOFWXUHRc28="
            }
          },
          "hRkTvRaKgwqzpZqZTVWtE7Nwt7guZxgCKBoKVNCBEFA=": {
            "valueMac": {
              "type": "Buffer",
              "data": "oUAOimGoh5uwOdjDyNjLHlb5eI6lfgn2Mcua7wE29yQ="
            }
          },
          "2wsXQvxKIxnOGm1NvIQXj7ACjxDwcqXD5RTx5CLQSIw=": {
            "valueMac": {
              "type": "Buffer",
              "data": "c7eEHIwMKSsSgVB1aCkfMYLZjMLZRUpSj184XurN0d4="
            }
          },
          "8jx9vBBJVn1GY0EUWnFJVi4eOFBI2CW9xhdq9l1jmkU=": {
            "valueMac": {
              "type": "Buffer",
              "data": "CVnVhs0FUA7vfUti/Z4N/vyIuHKJUK+tFm+6FQjtZlM="
            }
          },
          "HN3pJh1gZD18mntwrBiwMMjOmuq/7ykC1RAXBLuor5M=": {
            "valueMac": {
              "type": "Buffer",
              "data": "4s+DWPS6v9NRzplO7+ZVTClcbqole09PjZnTepbrbHk="
            }
          },
          "g/eorWLwIKaY7nS1eGnRDrN0bMrG5arfrfG0kzFaXyU=": {
            "valueMac": {
              "type": "Buffer",
              "data": "aeQ+tAuEclb5oZXyQOgYDQhasoLUuLGZjqX1aauEEn0="
            }
          },
          "Wm8wKIMR6ZoUViB9SA9A0TahRJ2asHVd9voYY9AoZD8=": {
            "valueMac": {
              "type": "Buffer",
              "data": "9Vo5Kj0f71TorBgeK9zrOfs+LYrORCi+oJPJQswIvPE="
            }
          },
          "N8a2HcMg0IO8HxZftQYyLHBZe+jeorcNNqXdXBfSi2w=": {
            "valueMac": {
              "type": "Buffer",
              "data": "YsYMCBFphnPtL51wdEapMJdoJs/SQFo4lV5eHUMXbRE="
            }
          },
          "FzHxUhburv8mj2Kfs5X2BZfHoMaK0V+umh0oCV/mTmo=": {
            "valueMac": {
              "type": "Buffer",
              "data": "+3ogXuw9cUx1lcFhXoyo7Gm+eHOuT1WG9F3KkAYJORw="
            }
          },
          "aWTV75PzsLcDToaWyh7dJN2oGyQHayXalnK9JU1Ymaw=": {
            "valueMac": {
              "type": "Buffer",
              "data": "foXd5V4ikieXEm6UDBtZKxKBLLD+07S/sbnh+WBylc0="
            }
          },
          "tfQxNcKsCVr2p9HPHvxffi3n9+tcSHj0UuUT8sfkC+Y=": {
            "valueMac": {
              "type": "Buffer",
              "data": "DKRgoZpthpCHEnzdWh35tg1CLmxiPOvfNOr6yanooIA="
            }
          },
          "KhhgRpdSgaspdpNkK+E0cz1J4uOVCE8RgeuO7qd5Rvo=": {
            "valueMac": {
              "type": "Buffer",
              "data": "FSkNlpTFQb4iqyXxwU18l5NL559f2rRFWjUjTrWl1Ng="
            }
          },
          "0cGx5xJhEnkvw3CxXXoPwAq0khxBcBVr0cKA1IRddR4=": {
            "valueMac": {
              "type": "Buffer",
              "data": "BHkHXjmqla1060CQ/gfCfJK1KJ62Yk+kvgvKDaSp7VI="
            }
          },
          "jxVd9T+SkCmAzy8N1B7BpP9S6EeEzn/eqRtK8YWYClw=": {
            "valueMac": {
              "type": "Buffer",
              "data": "8RRuwcv9OrLvn62+LUsk2pBZiX9adkQ9XlkGC3DSgkg="
            }
          },
          "Cm35DJbdUbjiXFCmfOoSiVl10kfC9iKSdibsP8xOH9E=": {
            "valueMac": {
              "type": "Buffer",
              "data": "vZ0BxyU9RBtC1rCDnjAGT5cMWSjQxPpnAvBamU7jLkk="
            }
          },
          "Pd8sBAHxk4RMKy1afGl7acjSdthnDxqGy86FXER2Pfk=": {
            "valueMac": {
              "type": "Buffer",
              "data": "NI7jPVAsuEJaO97HIajLsv7XP3yB7geJE3v7yyrWfNg="
            }
          },
          "IVRrPE5FSDr4/Sg/Bu55uj1Kh9z9KPaWkUzmZTIP9FY=": {
            "valueMac": {
              "type": "Buffer",
              "data": "DAstTrEI8f4LdOoENaE3mc9emyKRzBKCFdgPdmlre/E="
            }
          },
          "UxddihhnUsJUM29Rci2EKQg8+2FXmefAZ/07zntPqiM=": {
            "valueMac": {
              "type": "Buffer",
              "data": "220insNbWbHYGZHRrddgTc9pgXqWB/TNQwWIaZM5TEE="
            }
          },
          "KKewI6IT/a1cz8DGNOuIFAo17VrHcttlbq17Hk2JQwA=": {
            "valueMac": {
              "type": "Buffer",
              "data": "VdPo9JjzaRP2jgDHqSTF+Yab/ATIqW4bl5gNk4XPAQE="
            }
          },
          "2ToJLqJp0PH33gwVvPNlO/2RHx4q3nEymnULQzuU/vc=": {
            "valueMac": {
              "type": "Buffer",
              "data": "WeI2SEluk2C20J3u7HSgtp13jT+Cl0mAdOJnBu/TkTg="
            }
          },
          "noz9DZqphQXAvyAVo7K70Z96RHQDS5G8dPpJtEGgXF4=": {
            "valueMac": {
              "type": "Buffer",
              "data": "ePmAOqC2foNspnT9two9kBZgP7xDleSsqTg1WuRWg0o="
            }
          },
          "MCLaZjJm06b5ZZ24AQ69LVufW+YDDZre67E9eobj+co=": {
            "valueMac": {
              "type": "Buffer",
              "data": "XcgUdKFu7ABjjjIDTlCZAIfrXsHyipOqQxA7K+sjTOQ="
            }
          },
          "LrfTPX+6MHDwRH2XPzxyAavQQ7zefgMqzJBkW8LexNI=": {
            "valueMac": {
              "type": "Buffer",
              "data": "XBUZ9LN3XOKit7d4YFq7DwrjVUYJC9zLz3nCK2/2aws="
            }
          },
          "/NNTC8m8EMoJNb6NwRd6G2k00PSGezTu//4FUOE7mK0=": {
            "valueMac": {
              "type": "Buffer",
              "data": "DEimCmWIEOerTgDLJv0JJVr0uIYkc4X7zBfcpihQ/NE="
            }
          },
          "s7pnUKPK5M9cGup+mXYV/KTnBEImjREK5IqGPfa+g4s=": {
            "valueMac": {
              "type": "Buffer",
              "data": "fDEUaT+ZqqKhy9fiIMDGs9VofrK/m4RVsrHcIiohdK8="
            }
          },
          "fl9VNlUj5TLq4el3JTewbOBDIF39aOo2W3KzLRx0Zec=": {
            "valueMac": {
              "type": "Buffer",
              "data": "N22enlqBd6A4sIgOC3K7Wh8SRTp2NtI4vdsQ7NDNt/Q="
            }
          },
          "Na20FkRIpmlpEUBIfL+nQkdJe1cMJdwJYa9rZvuPMeI=": {
            "valueMac": {
              "type": "Buffer",
              "data": "KQClAQ+QTdRtOX++NwkDGXYtIeHERTfZAJqetBRS4Ts="
            }
          },
          "qcI2qzT013rONeXZGOnZyiZ04xVZ5DPJJyXygrWcn6A=": {
            "valueMac": {
              "type": "Buffer",
              "data": "OTGYdObLtUeoTCMrixpzbaU68tqNeSfZl3YU5terRfk="
            }
          },
          "Fo9gTE6kTlHsR0MJdKr0MXg42RjmPQWGysAbzOJB4Bw=": {
            "valueMac": {
              "type": "Buffer",
              "data": "ZnobyC86FlyK1cZI1mOuExRnwjnBGfWcfNX74r7aJKI="
            }
          },
          "ncTuuTLv2mklmDqG9UgTkpRHSW/PcUpBeYbxuWi7j5k=": {
            "valueMac": {
              "type": "Buffer",
              "data": "xPhahPvIVj23sx80KjaSQfLtzGZ1VJzFF19YyQP106E="
            }
          },
          "ADm7PeDOG30ZLeFNEos6SPWvoNDnWO0wqQb46rgd67A=": {
            "valueMac": {
              "type": "Buffer",
              "data": "B8Bhjyuul2bTxWVQlv7iNUdxfGLJqVABCYYw0xNMArw="
            }
          },
          "KH+7UwP8u0t2LhK2L24zYBOlNszj2zgv4FozfTsaSCs=": {
            "valueMac": {
              "type": "Buffer",
              "data": "W3YI7f94TKrCbm8mox3yiWAd8wQAiiYEuZjwyzmq97M="
            }
          },
          "obx3tkHXNwnSJha02samvN5MAA/PeoBKkzzZm73W1ic=": {
            "valueMac": {
              "type": "Buffer",
              "data": "YjYOL4hB3R+lAZ9GhxiFG26kKHBkVL8Jj+Sj/V88tQI="
            }
          },
          "CkjeQpg/y2jPh5t26HS2UT4KVFJr6zx+SRmeVpEGaOU=": {
            "valueMac": {
              "type": "Buffer",
              "data": "RQgTOPuhGoaJPWgvVs1NL+yZ+84eAe72O6nWHFLcfHk="
            }
          },
          "DgInZCiz7b+s5XCXsvM1O7HfMqXx0RcDwklCGXtc2jA=": {
            "valueMac": {
              "type": "Buffer",
              "data": "YDDFq2arSVEmaEcNR4bwc/Dg0Pmedzu2QQoyF68eYa4="
            }
          },
          "9ogs4ADz+5FlwRe5vmEVHnrhYw5aur9XFhlyCZAZBYU=": {
            "valueMac": {
              "type": "Buffer",
              "data": "SI3uOE9cNs3SV5BbokhGNJQoHToH2d+2d7Gswo0t9qk="
            }
          },
          "SAw9ZGN/HHkkNjMl6hwPge1U6jPdEb+xeKTdLqca9+I=": {
            "valueMac": {
              "type": "Buffer",
              "data": "Giy8/0/fBi7iFhNGwN8QvkTzNMvJETdiXMB5MPS+8NU="
            }
          },
          "NVfm14YNcH1Nto8pbaRXHdrV8Cl5SQMQd/AQJvlZYFU=": {
            "valueMac": {
              "type": "Buffer",
              "data": "qQEwQmeGQh/nnj2ON/AYIRatDEPUiVoyffwt2gc730Y="
            }
          },
          "mAmAS5BHYqAJ9oi+zotTqEGeM2ehb/n8CoLasswf8mc=": {
            "valueMac": {
              "type": "Buffer",
              "data": "CePxosUE0zWem0/VmjBARAcnmnu/M6viHg9AE+VqC5I="
            }
          },
          "Im9JsXiTaPRsY9YHJ3IQOTJYu4RpYHJsY7BVDdd54e4=": {
            "valueMac": {
              "type": "Buffer",
              "data": "qz2FYwvxta0qFS6To+10GwuskpquNoagcsyiY/ecr8A="
            }
          },
          "ycrD+L8HA13zDt1ewGnBNOTdiZIxh1w8/smuRgtW/RY=": {
            "valueMac": {
              "type": "Buffer",
              "data": "KDtlANtSwOsksUdDwyeEKFpIdqYvYenkbXuYQTNRxpE="
            }
          },
          "kvCnA/VNUvkRjqqdPGkbUkeX9Lql2dHH3jgXAWocpzk=": {
            "valueMac": {
              "type": "Buffer",
              "data": "xLRXX7oW4kqzrfFaq/9DAv5Z76t/FQvaVppMsdxNnjE="
            }
          },
          "fsiL+yPokYNLP0+v1cKlcGNqKKRcdlLFGW8234TzFSc=": {
            "valueMac": {
              "type": "Buffer",
              "data": "I2wRCqnEgY8rBGd8SP3OV+hVk0nxMeJY9JqD7FRYEKs="
            }
          },
          "BZ8y7Aci8v8pn3rq6VqceHf0XzU6Y4Le6eQ2oVnflEc=": {
            "valueMac": {
              "type": "Buffer",
              "data": "3/8cVTHtC1HG7iYk19Etpvd8TuDkXafl9L2bWemFpgE="
            }
          },
          "S2SEPUCJ8egiaGhntqR0dKWUUL/0B6JhGeUEp1Ujcbw=": {
            "valueMac": {
              "type": "Buffer",
              "data": "8HssHVfXkACWproRY6FMImf6W0lbYii75ial22I8+74="
            }
          },
          "CP2OW0J8GEsSFXq5NpbI4Y1//ZZtWlKrCFEgZ7JidEI=": {
            "valueMac": {
              "type": "Buffer",
              "data": "q9bZw1BNRfCSgKPtxz0AhmRnXjjLrYUIAyGda6Pe1Hk="
            }
          },
          "O3ykngevTZ4hfb1yXJLsGgcwmLRVsZpVSgMsG4AsOSw=": {
            "valueMac": {
              "type": "Buffer",
              "data": "dNj9GWuGuLxvfedS5VCCUgsbOdRwdPYFAZGfFLTqAeA="
            }
          },
          "r5uiRhXLRP96773m8IKk3EmeacWQGE99MX20+oJkOw8=": {
            "valueMac": {
              "type": "Buffer",
              "data": "pEYLXp39kIySKF2vgYuEE4pGPNhsEMPorGGuoWeGadk="
            }
          },
          "NZojPHV44kVYXR5L6MzPSyUuM2GCck0cHr8zsdSgqC4=": {
            "valueMac": {
              "type": "Buffer",
              "data": "5cK8f6s2r4SmE6hrWKpUh2G//5L1jyCPPefbkffPXVM="
            }
          },
          "50sSzdNfX7NRVg43yK3nPz1BLq0j7UR/CvKSjGUnppQ=": {
            "valueMac": {
              "type": "Buffer",
              "data": "QdMe0Ord6cSH3hmQQbxWRAu7gsucwCFclAw+ymua+ps="
            }
          },
          "zZo8buhCu+DKibqEK+tV6dbXT1rNIQWk4vtnhwZyBs8=": {
            "valueMac": {
              "type": "Buffer",
              "data": "cZaYoVGBYUE+jUQIjoypkgAzIEZD2Olfq2yq7bo/oVU="
            }
          },
          "VXx+IY7RGpKu8r/wp8rZUFMTeLMyNYkPHrKa7A15Mi0=": {
            "valueMac": {
              "type": "Buffer",
              "data": "mJPAZxa7D7Wp3QZBxUVHGag377kYXgWKWozZs+9zPV4="
            }
          },
          "Yt0IdVGENK8b06xUoV/TxPgkHhi2oFrN2h7KOxtkEso=": {
            "valueMac": {
              "type": "Buffer",
              "data": "gCHwwB4yoobhwK7Zn7mxUmlvO4DPJtrNkIQ5LUKmV3k="
            }
          },
          "0F8jF7Eih242Z37nXmsE0X1BoWQeGKlkK100gCAHifk=": {
            "valueMac": {
              "type": "Buffer",
              "data": "BE3yUz1iOG7ADJaW47SJIBkYUTaUEuLsU/rH1ALDi6Y="
            }
          },
          "PuJHi+JV2ljkBESyeMmsZCXYQeCWO+TKdEoZBeo5DIo=": {
            "valueMac": {
              "type": "Buffer",
              "data": "CICqPU/ZZ3ncvSQ0X/ClIzlUwGr7k9u7vMox4wuAF3E="
            }
          },
          "Ige69E1V65wanmb/YIiIT2zKUHrrmJpKq6vSVpqN5LM=": {
            "valueMac": {
              "type": "Buffer",
              "data": "M9O1qkW4u7jshSzNsMwddYg/7gHSLVbtgpNjcdZEaYY="
            }
          },
          "MEJpGa3f8wpNeK4MZSMzMrf5AJmJcZEk4myvjUHc5S8=": {
            "valueMac": {
              "type": "Buffer",
              "data": "TD88Us0NZ0LsbMFD5nA35eC7wRNuVxkJc1VjIdamDrE="
            }
          },
          "zdI5JZ8fTNl1ImAjMsTKf6+1BJ41aiNtd/MqGVhCyHg=": {
            "valueMac": {
              "type": "Buffer",
              "data": "i573rqqRGeJP3VuCp94wikyMEIIzxytlDFce6trnKEk="
            }
          },
          "oSLz/qSTnhiqd5fqToFjW62CvveuNgKk6TUucmb0RM0=": {
            "valueMac": {
              "type": "Buffer",
              "data": "/i0SrhdA3bmCOo/JAVU9m49yCJ5NsgMJoQUNsnJkSpE="
            }
          },
          "syckmlxnG1aCqzeLRFK+q06xYAB3i9OYMl0XeOty0S0=": {
            "valueMac": {
              "type": "Buffer",
              "data": "WTC1ErkT4jtkhTmau+8bkEMqhp8e3hW6bW6py6E54UE="
            }
          },
          "Ni48gtTOHzLfsKhgySoIm67MdZ58iMFE1IJzhwWpowA=": {
            "valueMac": {
              "type": "Buffer",
              "data": "xqHNNnSlYHVM4VnFOCWUvbJxES2xywaIg9HH6uuCyHY="
            }
          },
          "bYFwrZ0bUoLdvBN57D+rRitsnEe4l2MaEE15GY8HCB8=": {
            "valueMac": {
              "type": "Buffer",
              "data": "7wLQDgnUWF6pIfste5DCGV0I8ErJyHBO8HnlbgGO/NI="
            }
          },
          "0LgfNdm0dh1EYeI97cjQ69VMQkDD67eHqFGwv0Q1N5k=": {
            "valueMac": {
              "type": "Buffer",
              "data": "ifBmyDglZIvIBcjLJcy6KCxRvPrgdyforx0KBIeOcxk="
            }
          },
          "Dgb3MGSU5lzBfv/wl6zleOeja9u85Ei3WA6NAfZvV0M=": {
            "valueMac": {
              "type": "Buffer",
              "data": "q+c4kyT5Wj1u8ZEKvqzzEZNAunIlVeC6q2g+zjZErJg="
            }
          },
          "cbvnABWnSbeaFj/WwpewPVeqdrSO314vjpu/9To7x2s=": {
            "valueMac": {
              "type": "Buffer",
              "data": "kQYbqTbxNToqQD0+kYCakaq8igAz0dtffSaN9kNZZvM="
            }
          },
          "PmHH292nTGp+8zXnZn0b2Br3fW8/IUumlrJPWuf4vI4=": {
            "valueMac": {
              "type": "Buffer",
              "data": "RCqpu3DT8F3gvtkkyLHeZMgE492aNnKPpju+ck8PyZE="
            }
          },
          "w6vgGGynWTnjmZqpVMYTCuHlN+4XNIzyiT4i/ZDDxWA=": {
            "valueMac": {
              "type": "Buffer",
              "data": "E5/h0T7yLrCx30QKwzGpvVesUGuwNzgi7q3nappH/8I="
            }
          },
          "BCCOoRT0KFvGUEzyT6riKrmzd+uPR/sX5Ly2GVG+vrY=": {
            "valueMac": {
              "type": "Buffer",
              "data": "7ImhiOQg4ECVSqjuNeymfzzUWRecSyY7lXIWTGeSiP8="
            }
          },
          "ALESNiNmDQjBJJnIWUhw+OKH3N4hhUVXFz93NRsLoHQ=": {
            "valueMac": {
              "type": "Buffer",
              "data": "mDi+Fo0K5g7eJSvY+M5hHlyMC9IPAQnnA0wo7sRp/AQ="
            }
          },
          "OmFC2TRLWiWshTuiEx4EYw6p1EqWhJ7TFCZEr7OoNyo=": {
            "valueMac": {
              "type": "Buffer",
              "data": "LLO9T4nr2oh9sA8FJtxWCRlmLuWUM1zNMsNXR9iFI8Q="
            }
          },
          "+jHg+h+MSaq3GBpusX7on29NO/IftmxLXw4UudmpVyc=": {
            "valueMac": {
              "type": "Buffer",
              "data": "hVJiiOswjBrhvjCiSPDHmOJY/nKYrKsbQtUMLOSXnBs="
            }
          },
          "G/ZMnkKt6ihySF3S4J2pPj2R+2PLN70QE2X0ZxDxTg0=": {
            "valueMac": {
              "type": "Buffer",
              "data": "tCO7RG+rx2nvRcF81MMWgAebSSUGXtgYL0DcMfuHYI0="
            }
          },
          "tDw3Ond0b1nZvSys8aMMQUX1sMStizdgLCgHGuEvhaU=": {
            "valueMac": {
              "type": "Buffer",
              "data": "Owk9LZK6VhcbBBTockcfLe01F81NopaO4VDKubV96+4="
            }
          },
          "gcQgkMRZSsgPWYDS3N4fPc4C0YlZKFSUP0elBSvdAKI=": {
            "valueMac": {
              "type": "Buffer",
              "data": "m+OPKTkf+L8DzoKjNdH9pPCZf50iJzr2H/htAe7DEAA="
            }
          }
        }
      }
    }
  }
}